epoch,loss,step
0,8.15677261352539,0
0,8.106335639953613,1
1,8.147598266601562,2
1,8.094975471496582,3
2,8.139164924621582,4
2,8.08505630493164,5
