{"D(G(z))@0": -0.29140809178352356, "D(x)@0": 1.2349326610565186, "gradient_penalty@0": 0.040674518793821335, "D_real_grad@0": 0.3652274489402771, "D_fake_grad@0": 0.6314698316156864, "_timestamp": 1729726755.1131217, "noise_amplitude@0": 1, "rec_loss@0": 33.2111930847168, "G_grad@0": 0.15220168158411979, "_runtime": 13.124964714050293, "_step": 0, "_wandb": {"runtime": 11}}