epoch,loss,step
0,1.6337909698486328,0
1,1.631064772605896,1
2,1.6307131052017212,2
