epoch,loss,step
0,2.428772211074829,0
0,2.4239439964294434,1
1,2.419722080230713,2
1,2.416961431503296,3
2,2.409420967102051,4
2,2.406736135482788,5
