epoch,loss,step
0,8.233046531677246,0
0,0.007354301400482655,1
1,8.225553512573242,2
1,0.007346349768340588,3
2,8.219310760498047,4
2,0.007339631672948599,5
