epoch,loss,step
0,8.265700340270996,0
0,0.2770369350910187,1
0,0.023735422641038895,2
