epoch,loss,step
0,8.187402725219727,0
0,0.007201828993856907,1
1,8.180575370788574,2
1,0.007194661069661379,3
2,8.174936294555664,4
2,0.007188634481281042,5
