epoch,loss,step
0,2.4364013671875,0
0,2.434532642364502,1
1,2.429687023162842,2
1,2.4214770793914795,3
2,2.417689323425293,4
2,2.41294264793396,5
