epoch,loss,step
0,8.289583206176758,0
0,8.341526985168457,1
1,8.2806978225708,2
1,8.330940246582031,3
2,8.272697448730469,4
2,8.321783065795898,5
