epoch,loss,step
0,8.156375885009766,0
0,8.112174034118652,1
1,8.148540496826172,2
1,8.102938652038574,3
