epoch,loss,step
0,8.267087936401367,0
0,0.007444885093718767,1
1,8.259376525878906,2
1,0.007436742074787617,3
2,8.252921104431152,4
2,0.007429841440171003,5
