{"D(G(z))@0": 0.1351848691701889, "D(x)@0": 1.49545419216156, "gradient_penalty@0": 0.15428413450717926, "D_real_grad@0": 0.2894537806510925, "D_fake_grad@0": 0.47833608239889147, "_timestamp": 1729046967.7649634, "noise_amplitude@0": 1, "rec_loss@0": 24.26043701171875, "G_grad@0": 0.11384605020284652, "_runtime": 5.273608446121216, "_step": 0, "_wandb": {"runtime": 9}}