epoch,loss,step
0,1.6088899374008179,0
1,1.6108050346374512,1
2,1.6125761270523071,2
