epoch,loss,step
0,8.181493759155273,0
0,8.151135444641113,1
