epoch,loss,step
0,8.266518592834473,0
0,0.007438549771904945,1
1,8.259368896484375,2
1,0.007431287318468094,3
2,8.253432273864746,4
2,0.007425181567668915,5
