epoch,loss,step
0,8.230328559875488,0
0,0.007358994800597429,1
1,8.222905158996582,2
1,0.007351229898631573,3
2,8.216765403747559,4
2,0.007344746496528387,5
