epoch,loss,step
0,8.29280948638916,0
1,8.28841781616211,1
2,8.285106658935547,2
