epoch,loss,step
0,2.4378583431243896,0
0,2.428769826889038,1
1,2.425248622894287,2
1,2.4224276542663574,3
2,2.416534423828125,4
2,2.409677743911743,5
