epoch,loss,step
0,8.291492462158203,0
0,8.312517166137695,1
1,8.282663345336914,2
1,8.301764488220215,3
2,8.274620056152344,4
2,8.292308807373047,5
