epoch,loss,step
0,2.213716983795166,0
0,2.2083046436309814,1
1,2.205021858215332,2
1,2.2029361724853516,3
2,2.1957650184631348,4
2,2.190095901489258,5
