epoch,loss,step
0,8.275809288024902,0
1,8.271470069885254,1
2,8.267158508300781,2
