epoch,loss,step
0,1.6055805683135986,0
1,1.6054503917694092,1
2,1.6047871112823486,2
