epoch,loss,step
0,8.165014266967773,0
0,0.007207827176898718,1
1,8.157706260681152,2
1,0.007200314197689295,3
2,8.151667594909668,4
2,0.007194003090262413,5
