epoch,loss,step
0,8.327651977539062,0
0,8.389689445495605,1
1,8.319134712219238,2
1,8.379355430603027,3
2,8.311424255371094,4
2,8.370450019836426,5
