epoch,loss,step
0,8.262956619262695,0
1,8.258666038513184,1
2,8.254379272460938,2
