epoch,loss,step
0,8.197694778442383,0
1,8.193344116210938,1
2,8.1890287399292,2
