epoch,loss,step
0,1.6191380023956299,0
1,1.624145269393921,1
2,1.6224918365478516,2
