epoch,loss,step
0,8.199666023254395,0
0,8.211892127990723,1
