{"D(G(z))@0": -0.4522686004638672, "D(x)@0": 1.053970217704773, "gradient_penalty@0": 0.03505735844373703, "D_real_grad@0": 0.20306841284036636, "D_fake_grad@0": 0.2615931953303516, "_timestamp": 1729047174.2764697, "noise_amplitude@0": 1, "rec_loss@0": 24.612512588500977, "G_grad@0": 0.12116576507687568, "_runtime": 5.385915756225586, "_step": 0, "_wandb": {"runtime": 9}}