epoch,loss,step
0,8.28572940826416,0
0,0.007441976107656956,1
1,8.278524398803711,2
1,0.007434322964400053,3
2,8.272504806518555,4
2,0.007427837233990431,5
