epoch,loss,step
0,1.0365418195724487,0
1,1.0359368324279785,1
2,1.035335898399353,2
