epoch,loss,step
0,8.139909744262695,0
0,8.094558715820312,1
