epoch,loss,step
0,2.2163126468658447,0
0,2.206449031829834,1
1,2.203780174255371,2
1,2.1980931758880615,3
2,2.193382740020752,4
2,2.195775032043457,5
