epoch,loss,step
0,1.606648325920105,0
1,1.6056602001190186,1
2,1.6071230173110962,2
