epoch,loss,step
0,8.291507720947266,0
0,8.33321762084961,1
1,8.282387733459473,2
1,8.322373390197754,3
2,8.274168014526367,4
2,8.312893867492676,5
