epoch,loss,step
0,8.257943153381348,0
0,8.305142402648926,1
0,8.325553894042969,2
0,8.325553894042969,3
1,8.245180130004883,4
1,8.292956352233887,5
1,8.311040878295898,6
1,8.311040878295898,7
2,8.233467102050781,8
2,8.281167984008789,9
2,8.296951293945312,10
2,8.296951293945312,11
