epoch,loss,step
0,1.6043956279754639,0
1,1.604300618171692,1
2,1.6020145416259766,2
