{"D(G(z))@0": -0.519707202911377, "D(x)@0": 1.086734652519226, "gradient_penalty@0": 0.034913960844278336, "D_real_grad@0": 0.35401386762969195, "D_fake_grad@0": 0.6716066606342792, "_timestamp": 1729046897.4814348, "noise_amplitude@0": 1, "rec_loss@0": 24.226795196533203, "G_grad@0": 0.11675208322703838, "_runtime": 6.500733852386475, "_step": 0, "_wandb": {"runtime": 10}}