epoch,loss,step
0,8.301464080810547,0
1,8.297178268432617,1
2,8.29289436340332,2
