{"D(G(z))@0": -0.9726710915565491, "D(x)@0": 0.8871207237243652, "gradient_penalty@0": 0.04017225280404091, "D_real_grad@0": 0.31181723475456236, "D_fake_grad@0": 0.6168734518811106, "_timestamp": 1729051707.9668443, "noise_amplitude@0": 1, "rec_loss@0": 24.0290470123291, "G_grad@0": 0.13007442522794008, "_runtime": 5.6681132316589355, "_step": 0, "_wandb": {"runtime": 10}}