epoch,loss,step
0,8.32349967956543,0
0,8.376354217529297,1
