epoch,loss,step
0,8.2669038772583,0
0,0.007470071315765381,1
1,8.260176658630371,2
1,0.00746294017881155,3
2,8.254589080810547,4
2,0.007456933613866568,5
