epoch,loss,step
0,2.237433433532715,0
0,2.2298240661621094,1
