epoch,loss,step
0,2.190572500228882,0
0,2.1879453659057617,1
1,2.1880743503570557,2
1,2.176776647567749,3
2,2.1756398677825928,4
2,2.174464702606201,5
