epoch,loss,step
0,2.1424901485443115,0
0,2.1372733116149902,1
1,2.1311535835266113,2
1,2.1265926361083984,3
2,2.1284940242767334,4
2,2.12014102935791,5
