epoch,loss,step
0,8.30301570892334,0
0,0.007440998684614897,1
1,8.296052932739258,2
1,0.007433649618178606,3
2,8.290217399597168,4
2,0.0074274614453315735,5
