epoch,loss,step
0,2.421499490737915,0
0,2.4190638065338135,1
