epoch,loss,step
0,8.21628189086914,0
0,8.215522766113281,1
