epoch,loss,step
0,2.2347989082336426,0
0,2.2297372817993164,1
1,2.2229511737823486,2
1,2.2210521697998047,3
2,2.215651273727417,4
2,2.2114217281341553,5
