epoch,loss,step
0,2.4209558963775635,0
0,2.417844295501709,1
