epoch,loss,step
0,0.007336338981986046,0
1,0.007331902626901865,1
2,0.007328570820391178,2
