{"D(G(z))@0": -0.6268559098243713, "D(x)@0": 0.9068509340286255, "gradient_penalty@0": 0.05839546397328377, "D_real_grad@0": 0.32864381074905397, "D_fake_grad@0": 0.6124467238783836, "_timestamp": 1729545178.1086636, "noise_amplitude@0": 1, "rec_loss@0": 24.212003707885742, "G_grad@0": 0.12317516338080167, "_runtime": 6.000626564025879, "_step": 0, "_wandb": {"runtime": 11}}