epoch,loss,step
0,0.007436254993081093,0
1,0.0074319676496088505,1
2,0.007427696604281664,2
