{"D(G(z))@0": -1.049405574798584, "D(x)@0": 0.6605009436607361, "gradient_penalty@0": 0.03889289125800133, "D_real_grad@0": 0.2908911591395736, "D_fake_grad@0": 0.6226784316822886, "_timestamp": 1729545309.9591458, "noise_amplitude@0": 1, "rec_loss@0": 24.276920318603516, "G_grad@0": 0.12450736798346043, "_runtime": 81.35844779014587, "_step": 30, "D(G(z))@1": -0.08245672285556793, "D(x)@1": 0.9298760294914246, "gradient_penalty@1": 0.08913980424404144, "D_real_grad@1": 0.31207547448575496, "D_fake_grad@1": 0.49084677658975123, "noise_amplitude@1": 0.02088935486972332, "rec_loss@1": 15.333941459655762, "G_grad@1": -0.006279978528618812, "D(G(z))@2": -0.5493552684783936, "D(x)@2": 0.37093740701675415, "gradient_penalty@2": 0.024314656853675842, "D_real_grad@2": 0.321232783049345, "D_fake_grad@2": 0.5096073724329472, "noise_amplitude@2": 0.023832952603697777, "rec_loss@2": 12.67828369140625, "G_grad@2": -0.04126629829406738, "D(G(z))@3": 0.08228953182697296, "D(x)@3": 0.3250601291656494, "gradient_penalty@3": 0.015587608329951763, "D_real_grad@3": 0.009485425800085068, "D_fake_grad@3": 0.3415977105498314, "noise_amplitude@3": 0.0200240146368742, "rec_loss@3": 12.221183776855469, "G_grad@3": 0.005891999462619424, "_wandb": {"runtime": 392}}