epoch,loss,step
0,2.3517849445343018,0
0,2.34805965423584,1
