epoch,loss,step
0,8.315128326416016,0
0,8.379531860351562,1
1,8.306371688842773,2
1,8.368830680847168,3
2,8.298351287841797,4
2,8.359529495239258,5
