epoch,loss,step
0,8.151840209960938,0
0,8.14116382598877,1
0,8.118108749389648,2
0,8.118108749389648,3
