epoch,loss,step
0,2.3398971557617188,0
0,2.334195137023926,1
