epoch,loss,step
0,2.276907205581665,0
0,2.2721519470214844,1
1,2.266808032989502,2
1,2.2608067989349365,3
2,2.25748348236084,4
2,2.2526729106903076,5
