epoch,loss,step
0,1.616206407546997,0
1,1.6136912107467651,1
2,1.615330457687378,2
