epoch,loss,step
0,8.230158805847168,0
0,8.235424041748047,1
0,8.232593536376953,2
0,8.232593536376953,3
1,8.216142654418945,4
1,8.223189353942871,5
1,8.218132019042969,6
1,8.218132019042969,7
2,8.20341682434082,8
2,8.211406707763672,9
2,8.204102516174316,10
2,8.204102516174316,11
