epoch,loss,step
0,1.61087965965271,0
1,1.6120758056640625,1
2,1.6107357740402222,2
