epoch,loss,step
0,1.6228264570236206,0
1,1.6229870319366455,1
2,1.620318055152893,2
