epoch,loss,step
0,8.246541023254395,0
1,8.242019653320312,1
2,8.237509727478027,2
