epoch,loss,step
0,2.1925618648529053,0
0,2.1859660148620605,1
1,2.1805288791656494,2
1,2.1780436038970947,3
2,2.174722194671631,4
2,2.170987129211426,5
