epoch,loss,step
0,8.301268577575684,0
0,0.007452355232089758,1
1,8.293907165527344,2
1,0.007444816641509533,3
2,8.287790298461914,4
2,0.0074384985491633415,5
