epoch,loss,step
0,8.205275535583496,0
1,8.200682640075684,1
2,8.196088790893555,2
