epoch,loss,step
0,8.308577537536621,0
1,8.30418586730957,1
2,8.299816131591797,2
