epoch,loss,step
0,0.43569374084472656,0
1,0.4352376163005829,1
2,0.43478304147720337,2
