{"D(G(z))@0": -0.6837433576583862, "D(x)@0": 0.7729440331459045, "gradient_penalty@0": 0.04238221421837807, "D_real_grad@0": 0.35677100382745264, "D_fake_grad@0": 0.6587479621171951, "_timestamp": 1729047517.8816967, "noise_amplitude@0": 1, "rec_loss@0": 25.5738582611084, "G_grad@0": 0.1297462649643421, "_runtime": 72.64543581008911, "_step": 30, "D(G(z))@1": 0.24510592222213745, "D(x)@1": 1.3605998754501343, "gradient_penalty@1": 0.05107870697975159, "D_real_grad@1": 0.2735292311757803, "D_fake_grad@1": 0.42459826562553643, "noise_amplitude@1": 0.021657681092619896, "rec_loss@1": 15.290782928466797, "G_grad@1": 0.05328303631395102, "D(G(z))@2": -0.4841032922267914, "D(x)@2": 0.29046112298965454, "gradient_penalty@2": 0.0242258720099926, "D_real_grad@2": 0.23127313256263732, "D_fake_grad@2": 0.42807774990797043, "noise_amplitude@2": 0.022459208965301514, "rec_loss@2": 14.704120635986328, "G_grad@2": -0.005570182204246521, "D(G(z))@3": -0.7896188497543335, "D(x)@3": -0.39229869842529297, "gradient_penalty@3": 1.7320492267608643, "D_real_grad@3": 0.10766031742095947, "D_fake_grad@3": 0.14535872619599105, "noise_amplitude@3": 0.018908625468611717, "rec_loss@3": 12.315013885498047, "G_grad@3": 0.0023134038783609867, "_wandb": {"runtime": 360}}