epoch,loss,step
0,8.260737419128418,0
0,8.268320083618164,1
