epoch,loss,step
0,8.23777961730957,0
0,8.251977920532227,1
0,8.251253128051758,2
0,8.251253128051758,3
