epoch,loss,step
0,8.244528770446777,0
0,0.0073999022133648396,1
1,8.23742961883545,2
1,0.007392839062958956,3
2,8.231464385986328,4
2,0.007386845536530018,5
