{"D(G(z))@0": -0.8684144020080566, "D(x)@0": 0.6308012008666992, "gradient_penalty@0": 0.04411344602704048, "D_real_grad@0": 0.290805109590292, "D_fake_grad@0": 0.6320337146520615, "_timestamp": 1729551858.0322149, "noise_amplitude@0": 1, "rec_loss@0": 24.724111557006836, "G_grad@0": 0.09852042365819216, "_runtime": 79.2207179069519, "_step": 30, "D(G(z))@1": 0.26307162642478943, "D(x)@1": 0.8729636073112488, "gradient_penalty@1": 0.052896708250045776, "D_real_grad@1": 0.13493210226297378, "D_fake_grad@1": 0.18495973944664001, "noise_amplitude@1": 0.02161574549973011, "rec_loss@1": 17.81545639038086, "G_grad@1": 0.07968228943645954, "D(G(z))@2": -0.062348976731300354, "D(x)@2": 0.6559464931488037, "gradient_penalty@2": 0.032547254115343094, "D_real_grad@2": 0.25454506166279317, "D_fake_grad@2": 0.4529729761183262, "noise_amplitude@2": 0.03761330246925354, "rec_loss@2": 15.821588516235352, "G_grad@2": 0.006212886422872543, "D(G(z))@3": -0.7817885279655457, "D(x)@3": -0.3963947296142578, "gradient_penalty@3": 0.027667095884680748, "D_real_grad@3": 0.02890039384365082, "D_fake_grad@3": 0.45553866028785706, "noise_amplitude@3": 0.020102281123399734, "rec_loss@3": 12.870925903320312, "G_grad@3": 0.020855710841715336, "_wandb": {"runtime": 367}}