epoch,loss,step
0,8.242073059082031,0
0,8.251591682434082,1
0,8.260795593261719,2
0,8.260795593261719,3
1,8.227740287780762,4
1,8.239114761352539,5
1,8.245765686035156,6
1,8.245765686035156,7
2,8.21452522277832,8
2,8.227010726928711,9
2,8.231115341186523,10
2,8.231115341186523,11
