epoch,loss,step
0,8.280091285705566,0
0,8.297918319702148,1
1,8.271427154541016,2
1,8.287459373474121,3
