{"D(G(z))@0": -0.2178587019443512, "D(x)@0": 1.2556713819503784, "gradient_penalty@0": 0.3807888329029083, "D_real_grad@0": 0.32710703196935353, "D_fake_grad@0": 0.596248334646225, "_timestamp": 1729046722.9048681, "noise_amplitude@0": 1, "rec_loss@0": 24.797990798950195, "G_grad@0": 0.12253662385046482, "_runtime": 5.4096360206604, "_step": 0, "_wandb": {"runtime": 10}}