epoch,loss,step
0,8.21438980102539,0
0,8.206573486328125,1
0,8.219423294067383,2
0,8.219423294067383,3
1,8.20125961303711,4
1,8.194639205932617,5
1,8.205142974853516,6
1,8.205142974853516,7
2,8.188831329345703,8
2,8.183155059814453,9
2,8.191448211669922,10
2,8.191448211669922,11
