{"D(G(z))@0": -0.5834453105926514, "D(x)@0": 0.813681960105896, "gradient_penalty@0": 0.049250587821006775, "D_real_grad@0": 0.33645211197435854, "D_fake_grad@0": 0.6252279318869114, "_timestamp": 1729051949.4173741, "noise_amplitude@0": 1, "rec_loss@0": 25.009748458862305, "G_grad@0": 0.06955275908112526, "_runtime": 75.9808042049408, "_step": 30, "D(G(z))@1": -0.10377301275730133, "D(x)@1": 0.855962336063385, "gradient_penalty@1": 0.03903828561306, "D_real_grad@1": 0.2507983434945345, "D_fake_grad@1": 0.4334959458559752, "noise_amplitude@1": 0.023205555975437164, "rec_loss@1": 13.674386024475098, "G_grad@1": -0.01837716493755579, "D(G(z))@2": -0.2663194239139557, "D(x)@2": 0.6107391119003296, "gradient_penalty@2": 0.4568004608154297, "D_real_grad@2": 0.20109609551727772, "D_fake_grad@2": 0.0458770171739161, "noise_amplitude@2": 0.02814582921564579, "rec_loss@2": 12.409307479858398, "G_grad@2": 0.012625617161393165, "D(G(z))@3": -0.31800663471221924, "D(x)@3": 0.14042142033576965, "gradient_penalty@3": 0.5418049693107605, "D_real_grad@3": 0.11923893913626671, "D_fake_grad@3": 0.03993912246078253, "noise_amplitude@3": 0.019563643261790276, "rec_loss@3": 13.111244201660156, "G_grad@3": 0.03669875562191009, "_wandb": {"runtime": 371}}