epoch,loss,step
0,0.007203823421150446,0
1,0.007199104409664869,1
2,0.007194355595856905,2
