epoch,loss,step
0,2.201821804046631,0
0,2.195019245147705,1
1,2.1882081031799316,2
1,2.1879544258117676,3
2,2.1783010959625244,4
2,2.178579807281494,5
