epoch,loss,step
0,8.160467147827148,0
0,8.090902328491211,1
