epoch,loss,step
0,8.20541763305664,0
0,8.171810150146484,1
1,8.197218894958496,2
1,8.161931037902832,3
2,8.189811706542969,4
2,8.153396606445312,5
