epoch,loss,step
0,8.271623611450195,0
0,8.295578002929688,1
1,8.262711524963379,2
1,8.284764289855957,3
2,8.25452709197998,4
2,8.275094032287598,5
