epoch,loss,step
0,0.007339321542531252,0
1,0.00733449961990118,1
2,0.0073320805095136166,2
3,0.0073320805095136166,3
