epoch,loss,step
0,8.17324447631836,0
1,8.168866157531738,1
2,8.164480209350586,2
