epoch,loss,step
0,8.260488510131836,0
0,8.288479804992676,1
1,8.25164794921875,2
1,8.277626991271973,3
2,8.243509292602539,4
2,8.268031120300293,5
