epoch,loss,step
0,1.6149864196777344,0
1,1.6139544248580933,1
2,1.6127076148986816,2
