epoch,loss,step
0,0.44461315870285034,0
1,0.44413378834724426,1
2,0.4436541199684143,2
