epoch,loss,step
0,8.291207313537598,0
1,8.286798477172852,1
2,8.282403945922852,2
