epoch,loss,step
0,8.254623413085938,0
0,8.270591735839844,1
1,8.246158599853516,2
1,8.260080337524414,3
2,8.238407135009766,4
2,8.250864028930664,5
