epoch,loss,step
0,8.199378967285156,0
0,0.007307854946702719,1
1,8.192045211791992,2
1,0.0073004732839763165,3
2,8.18598747253418,4
2,0.007294218055903912,5
