epoch,loss,step
0,8.234596252441406,0
0,0.007333378307521343,1
1,8.227252006530762,2
1,0.00732554541900754,3
2,8.221135139465332,4
2,0.007318936288356781,5
