epoch,loss,step
0,2.2615838050842285,0
0,2.258273124694824,1
